"STATION","NAME","DATE","TMAX"
"USC00111577","CHICAGO MIDWAY AIRPORT 3 SW, IL US","2019-01-01","36"
"USC00111577","CHICAGO MIDWAY AIRPORT 3 SW, IL US","2019-01-02","32"
"USC00111577","CHICAGO MIDWAY AIRPORT 3 SW, IL US","2019-01-03","41"
"USC00111577","CHICAGO MIDWAY AIRPORT 3 SW, IL US","2019-01-04","50"
"USC00111577","CHICAGO MIDWAY AIRPORT 3 SW, IL US","2019-01-05","53"
"USC00111577","CHICAGO MIDWAY AIRPORT 3 SW, IL US","2019-01-06","42"
"USC00111577","CHICAGO MIDWAY AIRPORT 3 SW, IL US","2019-01-07","55"
"USC00111577","CHICAGO MIDWAY AIRPORT 3 SW, IL US","2019-01-08","47"
"USC00111577","CHICAGO MIDWAY AIRPORT 3 SW, IL US","2019-01-09","26"
"USC00111577","CHICAGO MIDWAY AIRPORT 3 SW, IL US","2019-01-10","25"
"USC00111577","CHICAGO MIDWAY AIRPORT 3 SW, IL US","2019-01-11","31"
"USC00111577","CHICAGO MIDWAY AIRPORT 3 SW, IL US","2019-01-12","32"
"USC00111577","CHICAGO MIDWAY AIRPORT 3 SW, IL US","2019-01-13","32"
"USC00111577","CHICAGO MIDWAY AIRPORT 3 SW, IL US","2019-01-14","28"
"USC00111577","CHICAGO MIDWAY AIRPORT 3 SW, IL US","2019-01-15","33"
"USC00111577","CHICAGO MIDWAY AIRPORT 3 SW, IL US","2019-01-16","35"
"USC00111577","CHICAGO MIDWAY AIRPORT 3 SW, IL US","2019-01-17","36"
"USC00111577","CHICAGO MIDWAY AIRPORT 3 SW, IL US","2019-01-18","32"
"USC00111577","CHICAGO MIDWAY AIRPORT 3 SW, IL US","2019-01-19","29"
"USC00111577","CHICAGO MIDWAY AIRPORT 3 SW, IL US","2019-01-20","18"
"USC00111577","CHICAGO MIDWAY AIRPORT 3 SW, IL US","2019-01-21","15"
"USC00111577","CHICAGO MIDWAY AIRPORT 3 SW, IL US","2019-01-22","36"
"USC00111577","CHICAGO MIDWAY AIRPORT 3 SW, IL US","2019-01-23","35"
"USC00111577","CHICAGO MIDWAY AIRPORT 3 SW, IL US","2019-01-24","23"
"USC00111577","CHICAGO MIDWAY AIRPORT 3 SW, IL US","2019-01-25","7"
"USC00111577","CHICAGO MIDWAY AIRPORT 3 SW, IL US","2019-01-26","13"
"USC00111577","CHICAGO MIDWAY AIRPORT 3 SW, IL US","2019-01-27","12"
"USC00111577","CHICAGO MIDWAY AIRPORT 3 SW, IL US","2019-01-28","35"
"USC00111577","CHICAGO MIDWAY AIRPORT 3 SW, IL US","2019-01-29","11"
"USC00111577","CHICAGO MIDWAY AIRPORT 3 SW, IL US","2019-01-30","-9"
"USC00111577","CHICAGO MIDWAY AIRPORT 3 SW, IL US","2019-01-31","2"
"USC00111577","CHICAGO MIDWAY AIRPORT 3 SW, IL US","2019-02-01","21"
"USC00111577","CHICAGO MIDWAY AIRPORT 3 SW, IL US","2019-02-02","41"
"USC00111577","CHICAGO MIDWAY AIRPORT 3 SW, IL US","2019-02-03","49"
"USC00111577","CHICAGO MIDWAY AIRPORT 3 SW, IL US","2019-02-04","51"
"USC00111577","CHICAGO MIDWAY AIRPORT 3 SW, IL US","2019-02-05","34"
"USC00111577","CHICAGO MIDWAY AIRPORT 3 SW, IL US","2019-02-06","38"
"USC00111577","CHICAGO MIDWAY AIRPORT 3 SW, IL US","2019-02-07","46"
"USC00111577","CHICAGO MIDWAY AIRPORT 3 SW, IL US","2019-02-08","15"
"USC00111577","CHICAGO MIDWAY AIRPORT 3 SW, IL US","2019-02-09","26"
"USC00111577","CHICAGO MIDWAY AIRPORT 3 SW, IL US","2019-02-10","29"
"USC00111577","CHICAGO MIDWAY AIRPORT 3 SW, IL US","2019-02-11","32"
"USC00111577","CHICAGO MIDWAY AIRPORT 3 SW, IL US","2019-02-12","33"
"USC00111577","CHICAGO MIDWAY AIRPORT 3 SW, IL US","2019-02-13","30"
"USC00111577","CHICAGO MIDWAY AIRPORT 3 SW, IL US","2019-02-14","46"
"USC00111577","CHICAGO MIDWAY AIRPORT 3 SW, IL US","2019-02-15","33"
"USC00111577","CHICAGO MIDWAY AIRPORT 3 SW, IL US","2019-02-16","30"
"USC00111577","CHICAGO MIDWAY AIRPORT 3 SW, IL US","2019-02-17","29"
"USC00111577","CHICAGO MIDWAY AIRPORT 3 SW, IL US","2019-02-18","31"
"USC00111577","CHICAGO MIDWAY AIRPORT 3 SW, IL US","2019-02-19","33"
"USC00111577","CHICAGO MIDWAY AIRPORT 3 SW, IL US","2019-02-20","37"
"USC00111577","CHICAGO MIDWAY AIRPORT 3 SW, IL US","2019-02-21","35"
"USC00111577","CHICAGO MIDWAY AIRPORT 3 SW, IL US","2019-02-22","38"
"USC00111577","CHICAGO MIDWAY AIRPORT 3 SW, IL US","2019-02-23","49"
"USC00111577","CHICAGO MIDWAY AIRPORT 3 SW, IL US","2019-02-24","46"
"USC00111577","CHICAGO MIDWAY AIRPORT 3 SW, IL US","2019-02-25","23"
"USC00111577","CHICAGO MIDWAY AIRPORT 3 SW, IL US","2019-02-26","25"
"USC00111577","CHICAGO MIDWAY AIRPORT 3 SW, IL US","2019-02-27","32"
"USC00111577","CHICAGO MIDWAY AIRPORT 3 SW, IL US","2019-02-28","28"
"USC00111577","CHICAGO MIDWAY AIRPORT 3 SW, IL US","2019-03-01","34"
"USC00111577","CHICAGO MIDWAY AIRPORT 3 SW, IL US","2019-03-02","35"
"USC00111577","CHICAGO MIDWAY AIRPORT 3 SW, IL US","2019-03-03","28"
"USC00111577","CHICAGO MIDWAY AIRPORT 3 SW, IL US","2019-03-04","15"
"USC00111577","CHICAGO MIDWAY AIRPORT 3 SW, IL US","2019-03-05","22"
"USC00111577","CHICAGO MIDWAY AIRPORT 3 SW, IL US","2019-03-06","32"
"USC00111577","CHICAGO MIDWAY AIRPORT 3 SW, IL US","2019-03-07","28"
"USC00111577","CHICAGO MIDWAY AIRPORT 3 SW, IL US","2019-03-08","39"
"USC00111577","CHICAGO MIDWAY AIRPORT 3 SW, IL US","2019-03-09","44"
"USC00111577","CHICAGO MIDWAY AIRPORT 3 SW, IL US","2019-03-10","39"
"USC00111577","CHICAGO MIDWAY AIRPORT 3 SW, IL US","2019-03-11","43"
"USC00111577","CHICAGO MIDWAY AIRPORT 3 SW, IL US","2019-03-12","49"
"USC00111577","CHICAGO MIDWAY AIRPORT 3 SW, IL US","2019-03-13","61"
"USC00111577","CHICAGO MIDWAY AIRPORT 3 SW, IL US","2019-03-14","64"
"USC00111577","CHICAGO MIDWAY AIRPORT 3 SW, IL US","2019-03-15","40"
"USC00111577","CHICAGO MIDWAY AIRPORT 3 SW, IL US","2019-03-16","43"
"USC00111577","CHICAGO MIDWAY AIRPORT 3 SW, IL US","2019-03-17","45"
"USC00111577","CHICAGO MIDWAY AIRPORT 3 SW, IL US","2019-03-18","45"
"USC00111577","CHICAGO MIDWAY AIRPORT 3 SW, IL US","2019-03-19","50"
"USC00111577","CHICAGO MIDWAY AIRPORT 3 SW, IL US","2019-03-20","45"
"USC00111577","CHICAGO MIDWAY AIRPORT 3 SW, IL US","2019-03-21","46"
"USC00111577","CHICAGO MIDWAY AIRPORT 3 SW, IL US","2019-03-22","47"
"USC00111577","CHICAGO MIDWAY AIRPORT 3 SW, IL US","2019-03-23","53"
"USC00111577","CHICAGO MIDWAY AIRPORT 3 SW, IL US","2019-03-24","51"
"USC00111577","CHICAGO MIDWAY AIRPORT 3 SW, IL US","2019-03-25","43"
"USC00111577","CHICAGO MIDWAY AIRPORT 3 SW, IL US","2019-03-26","46"
"USC00111577","CHICAGO MIDWAY AIRPORT 3 SW, IL US","2019-03-27","59"
"USC00111577","CHICAGO MIDWAY AIRPORT 3 SW, IL US","2019-03-28","65"
"USC00111577","CHICAGO MIDWAY AIRPORT 3 SW, IL US","2019-03-29","55"
"USC00111577","CHICAGO MIDWAY AIRPORT 3 SW, IL US","2019-03-30","44"
"USC00111577","CHICAGO MIDWAY AIRPORT 3 SW, IL US","2019-03-31","40"
"USC00111577","CHICAGO MIDWAY AIRPORT 3 SW, IL US","2019-04-01","49"
"USC00111577","CHICAGO MIDWAY AIRPORT 3 SW, IL US","2019-04-02","57"
"USC00111577","CHICAGO MIDWAY AIRPORT 3 SW, IL US","2019-04-03","59"
"USC00111577","CHICAGO MIDWAY AIRPORT 3 SW, IL US","2019-04-04","48"
"USC00111577","CHICAGO MIDWAY AIRPORT 3 SW, IL US","2019-04-05","57"
"USC00111577","CHICAGO MIDWAY AIRPORT 3 SW, IL US","2019-04-06","65"
"USC00111577","CHICAGO MIDWAY AIRPORT 3 SW, IL US","2019-04-07","70"
"USC00111577","CHICAGO MIDWAY AIRPORT 3 SW, IL US","2019-04-08","74"
"USC00111577","CHICAGO MIDWAY AIRPORT 3 SW, IL US","2019-04-09","68"
"USC00111577","CHICAGO MIDWAY AIRPORT 3 SW, IL US","2019-04-10","42"
"USC00111577","CHICAGO MIDWAY AIRPORT 3 SW, IL US","2019-04-11","61"
"USC00111577","CHICAGO MIDWAY AIRPORT 3 SW, IL US","2019-04-12","54"
"USC00111577","CHICAGO MIDWAY AIRPORT 3 SW, IL US","2019-04-13","54"
"USC00111577","CHICAGO MIDWAY AIRPORT 3 SW, IL US","2019-04-14","41"
"USC00111577","CHICAGO MIDWAY AIRPORT 3 SW, IL US","2019-04-15","54"
"USC00111577","CHICAGO MIDWAY AIRPORT 3 SW, IL US","2019-04-16","75"
"USC00111577","CHICAGO MIDWAY AIRPORT 3 SW, IL US","2019-04-17","77"
"USC00111577","CHICAGO MIDWAY AIRPORT 3 SW, IL US","2019-04-18","65"
"USC00111577","CHICAGO MIDWAY AIRPORT 3 SW, IL US","2019-04-19","49"
"USC00111577","CHICAGO MIDWAY AIRPORT 3 SW, IL US","2019-04-20","65"
"USC00111577","CHICAGO MIDWAY AIRPORT 3 SW, IL US","2019-04-21","78"
"USC00111577","CHICAGO MIDWAY AIRPORT 3 SW, IL US","2019-04-22","80"
"USC00111577","CHICAGO MIDWAY AIRPORT 3 SW, IL US","2019-04-23","66"
"USC00111577","CHICAGO MIDWAY AIRPORT 3 SW, IL US","2019-04-24","65"
"USC00111577","CHICAGO MIDWAY AIRPORT 3 SW, IL US","2019-04-25","66"
"USC00111577","CHICAGO MIDWAY AIRPORT 3 SW, IL US","2019-04-26","65"
"USC00111577","CHICAGO MIDWAY AIRPORT 3 SW, IL US","2019-04-27","51"
"USC00111577","CHICAGO MIDWAY AIRPORT 3 SW, IL US","2019-04-28","52"
"USC00111577","CHICAGO MIDWAY AIRPORT 3 SW, IL US","2019-04-29","53"
"USC00111577","CHICAGO MIDWAY AIRPORT 3 SW, IL US","2019-04-30","50"
"USC00111577","CHICAGO MIDWAY AIRPORT 3 SW, IL US","2019-05-01","60"
"USC00111577","CHICAGO MIDWAY AIRPORT 3 SW, IL US","2019-05-02","49"
"USC00111577","CHICAGO MIDWAY AIRPORT 3 SW, IL US","2019-05-03","57"
"USC00111577","CHICAGO MIDWAY AIRPORT 3 SW, IL US","2019-05-04","61"
"USC00111577","CHICAGO MIDWAY AIRPORT 3 SW, IL US","2019-05-05","74"
"USC00111577","CHICAGO MIDWAY AIRPORT 3 SW, IL US","2019-05-06","72"
"USC00111577","CHICAGO MIDWAY AIRPORT 3 SW, IL US","2019-05-07","50"
"USC00111577","CHICAGO MIDWAY AIRPORT 3 SW, IL US","2019-05-08","76"
"USC00111577","CHICAGO MIDWAY AIRPORT 3 SW, IL US","2019-05-09","69"
"USC00111577","CHICAGO MIDWAY AIRPORT 3 SW, IL US","2019-05-10","56"
"USC00111577","CHICAGO MIDWAY AIRPORT 3 SW, IL US","2019-05-11","54"
"USC00111577","CHICAGO MIDWAY AIRPORT 3 SW, IL US","2019-05-12","53"
"USC00111577","CHICAGO MIDWAY AIRPORT 3 SW, IL US","2019-05-13","61"
"USC00111577","CHICAGO MIDWAY AIRPORT 3 SW, IL US","2019-05-14","70"
"USC00111577","CHICAGO MIDWAY AIRPORT 3 SW, IL US","2019-05-15","77"
"USC00111577","CHICAGO MIDWAY AIRPORT 3 SW, IL US","2019-05-16","76"
"USC00111577","CHICAGO MIDWAY AIRPORT 3 SW, IL US","2019-05-17","69"
"USC00111577","CHICAGO MIDWAY AIRPORT 3 SW, IL US","2019-05-18","83"
"USC00111577","CHICAGO MIDWAY AIRPORT 3 SW, IL US","2019-05-19","75"
"USC00111577","CHICAGO MIDWAY AIRPORT 3 SW, IL US","2019-05-20","57"
"USC00111577","CHICAGO MIDWAY AIRPORT 3 SW, IL US","2019-05-21","56"
"USC00111577","CHICAGO MIDWAY AIRPORT 3 SW, IL US","2019-05-22","83"
"USC00111577","CHICAGO MIDWAY AIRPORT 3 SW, IL US","2019-05-23","76"
"USC00111577","CHICAGO MIDWAY AIRPORT 3 SW, IL US","2019-05-24","78"
"USC00111577","CHICAGO MIDWAY AIRPORT 3 SW, IL US","2019-05-25","83"
"USC00111577","CHICAGO MIDWAY AIRPORT 3 SW, IL US","2019-05-26","77"
"USC00111577","CHICAGO MIDWAY AIRPORT 3 SW, IL US","2019-05-27","76"
"USC00111577","CHICAGO MIDWAY AIRPORT 3 SW, IL US","2019-05-28","71"
"USC00111577","CHICAGO MIDWAY AIRPORT 3 SW, IL US","2019-05-29","74"
"USC00111577","CHICAGO MIDWAY AIRPORT 3 SW, IL US","2019-05-30","80"
"USC00111577","CHICAGO MIDWAY AIRPORT 3 SW, IL US","2019-05-31","83"
"USC00111577","CHICAGO MIDWAY AIRPORT 3 SW, IL US","2019-06-01","82"
"USC00111577","CHICAGO MIDWAY AIRPORT 3 SW, IL US","2019-06-02","69"
"USC00111577","CHICAGO MIDWAY AIRPORT 3 SW, IL US","2019-06-03","68"
"USC00111577","CHICAGO MIDWAY AIRPORT 3 SW, IL US","2019-06-04","83"
"USC00111577","CHICAGO MIDWAY AIRPORT 3 SW, IL US","2019-06-05","86"
"USC00111577","CHICAGO MIDWAY AIRPORT 3 SW, IL US","2019-06-06","76"
"USC00111577","CHICAGO MIDWAY AIRPORT 3 SW, IL US","2019-06-07","81"
"USC00111577","CHICAGO MIDWAY AIRPORT 3 SW, IL US","2019-06-08","79"
"USC00111577","CHICAGO MIDWAY AIRPORT 3 SW, IL US","2019-06-09","73"
"USC00111577","CHICAGO MIDWAY AIRPORT 3 SW, IL US","2019-06-10","76"
"USC00111577","CHICAGO MIDWAY AIRPORT 3 SW, IL US","2019-06-11","82"
"USC00111577","CHICAGO MIDWAY AIRPORT 3 SW, IL US","2019-06-12","74"
"USC00111577","CHICAGO MIDWAY AIRPORT 3 SW, IL US","2019-06-13","69"
"USC00111577","CHICAGO MIDWAY AIRPORT 3 SW, IL US","2019-06-14","81"
"USC00111577","CHICAGO MIDWAY AIRPORT 3 SW, IL US","2019-06-15","71"
"USC00111577","CHICAGO MIDWAY AIRPORT 3 SW, IL US","2019-06-16","67"
"USC00111577","CHICAGO MIDWAY AIRPORT 3 SW, IL US","2019-06-17","68"
"USC00111577","CHICAGO MIDWAY AIRPORT 3 SW, IL US","2019-06-18","79"
"USC00111577","CHICAGO MIDWAY AIRPORT 3 SW, IL US","2019-06-19","75"
"USC00111577","CHICAGO MIDWAY AIRPORT 3 SW, IL US","2019-06-20","70"
"USC00111577","CHICAGO MIDWAY AIRPORT 3 SW, IL US","2019-06-21","72"
"USC00111577","CHICAGO MIDWAY AIRPORT 3 SW, IL US","2019-06-22","81"
"USC00111577","CHICAGO MIDWAY AIRPORT 3 SW, IL US","2019-06-23","82"
"USC00111577","CHICAGO MIDWAY AIRPORT 3 SW, IL US","2019-06-24","79"
"USC00111577","CHICAGO MIDWAY AIRPORT 3 SW, IL US","2019-06-25","87"
"USC00111577","CHICAGO MIDWAY AIRPORT 3 SW, IL US","2019-06-26","90"
"USC00111577","CHICAGO MIDWAY AIRPORT 3 SW, IL US","2019-06-27","90"
"USC00111577","CHICAGO MIDWAY AIRPORT 3 SW, IL US","2019-06-28","91"
"USC00111577","CHICAGO MIDWAY AIRPORT 3 SW, IL US","2019-06-29","87"
"USC00111577","CHICAGO MIDWAY AIRPORT 3 SW, IL US","2019-06-30","90"
"USC00111577","CHICAGO MIDWAY AIRPORT 3 SW, IL US","2019-07-01","91"
"USC00111577","CHICAGO MIDWAY AIRPORT 3 SW, IL US","2019-07-02","92"
"USC00111577","CHICAGO MIDWAY AIRPORT 3 SW, IL US","2019-07-03","86"
"USC00111577","CHICAGO MIDWAY AIRPORT 3 SW, IL US","2019-07-04","91"
"USC00111577","CHICAGO MIDWAY AIRPORT 3 SW, IL US","2019-07-05","92"
"USC00111577","CHICAGO MIDWAY AIRPORT 3 SW, IL US","2019-07-06","86"
"USC00111577","CHICAGO MIDWAY AIRPORT 3 SW, IL US","2019-07-07","79"
"USC00111577","CHICAGO MIDWAY AIRPORT 3 SW, IL US","2019-07-08","83"
"USC00111577","CHICAGO MIDWAY AIRPORT 3 SW, IL US","2019-07-09","89"
"USC00111577","CHICAGO MIDWAY AIRPORT 3 SW, IL US","2019-07-10","96"
"USC00111577","CHICAGO MIDWAY AIRPORT 3 SW, IL US","2019-07-11","82"
"USC00111577","CHICAGO MIDWAY AIRPORT 3 SW, IL US","2019-07-12","87"
"USC00111577","CHICAGO MIDWAY AIRPORT 3 SW, IL US","2019-07-13","94"
"USC00111577","CHICAGO MIDWAY AIRPORT 3 SW, IL US","2019-07-14","90"
"USC00111577","CHICAGO MIDWAY AIRPORT 3 SW, IL US","2019-07-15","92"
"USC00111577","CHICAGO MIDWAY AIRPORT 3 SW, IL US","2019-07-16","84"
"USC00111577","CHICAGO MIDWAY AIRPORT 3 SW, IL US","2019-07-17","91"
"USC00111577","CHICAGO MIDWAY AIRPORT 3 SW, IL US","2019-07-18","88"
"USC00111577","CHICAGO MIDWAY AIRPORT 3 SW, IL US","2019-07-19","95"
"USC00111577","CHICAGO MIDWAY AIRPORT 3 SW, IL US","2019-07-20","97"
"USC00111577","CHICAGO MIDWAY AIRPORT 3 SW, IL US","2019-07-21","80"
"USC00111577","CHICAGO MIDWAY AIRPORT 3 SW, IL US","2019-07-22","76"
"USC00111577","CHICAGO MIDWAY AIRPORT 3 SW, IL US","2019-07-23","81"
"USC00111577","CHICAGO MIDWAY AIRPORT 3 SW, IL US","2019-07-24","80"
"USC00111577","CHICAGO MIDWAY AIRPORT 3 SW, IL US","2019-07-25","86"
"USC00111577","CHICAGO MIDWAY AIRPORT 3 SW, IL US","2019-07-26","86"
"USC00111577","CHICAGO MIDWAY AIRPORT 3 SW, IL US","2019-07-27","89"
"USC00111577","CHICAGO MIDWAY AIRPORT 3 SW, IL US","2019-07-28","90"
"USC00111577","CHICAGO MIDWAY AIRPORT 3 SW, IL US","2019-07-29","82"
"USC00111577","CHICAGO MIDWAY AIRPORT 3 SW, IL US","2019-07-30","79"
"USC00111577","CHICAGO MIDWAY AIRPORT 3 SW, IL US","2019-07-31","76"
"USC00111577","CHICAGO MIDWAY AIRPORT 3 SW, IL US","2019-08-01","80"
"USC00111577","CHICAGO MIDWAY AIRPORT 3 SW, IL US","2019-08-02","82"
"USC00111577","CHICAGO MIDWAY AIRPORT 3 SW, IL US","2019-08-03","89"
"USC00111577","CHICAGO MIDWAY AIRPORT 3 SW, IL US","2019-08-04","86"
"USC00111577","CHICAGO MIDWAY AIRPORT 3 SW, IL US","2019-08-05","91"
"USC00111577","CHICAGO MIDWAY AIRPORT 3 SW, IL US","2019-08-06","85"
"USC00111577","CHICAGO MIDWAY AIRPORT 3 SW, IL US","2019-08-07","88"
"USC00111577","CHICAGO MIDWAY AIRPORT 3 SW, IL US","2019-08-08","88"
"USC00111577","CHICAGO MIDWAY AIRPORT 3 SW, IL US","2019-08-09","83"
"USC00111577","CHICAGO MIDWAY AIRPORT 3 SW, IL US","2019-08-10","86"
"USC00111577","CHICAGO MIDWAY AIRPORT 3 SW, IL US","2019-08-11","84"
"USC00111577","CHICAGO MIDWAY AIRPORT 3 SW, IL US","2019-08-12","83"
"USC00111577","CHICAGO MIDWAY AIRPORT 3 SW, IL US","2019-08-13","85"
"USC00111577","CHICAGO MIDWAY AIRPORT 3 SW, IL US","2019-08-14","84"
"USC00111577","CHICAGO MIDWAY AIRPORT 3 SW, IL US","2019-08-15","78"
"USC00111577","CHICAGO MIDWAY AIRPORT 3 SW, IL US","2019-08-16","85"
"USC00111577","CHICAGO MIDWAY AIRPORT 3 SW, IL US","2019-08-17","78"
"USC00111577","CHICAGO MIDWAY AIRPORT 3 SW, IL US","2019-08-18","84"
"USC00111577","CHICAGO MIDWAY AIRPORT 3 SW, IL US","2019-08-19","85"
"USC00111577","CHICAGO MIDWAY AIRPORT 3 SW, IL US","2019-08-20","78"
"USC00111577","CHICAGO MIDWAY AIRPORT 3 SW, IL US","2019-08-21","84"
"USC00111577","CHICAGO MIDWAY AIRPORT 3 SW, IL US","2019-08-22","78"
"USC00111577","CHICAGO MIDWAY AIRPORT 3 SW, IL US","2019-08-23","75"
"USC00111577","CHICAGO MIDWAY AIRPORT 3 SW, IL US","2019-08-24","74"
"USC00111577","CHICAGO MIDWAY AIRPORT 3 SW, IL US","2019-08-25","78"
"USC00111577","CHICAGO MIDWAY AIRPORT 3 SW, IL US","2019-08-26","78"
"USC00111577","CHICAGO MIDWAY AIRPORT 3 SW, IL US","2019-08-27","81"
"USC00111577","CHICAGO MIDWAY AIRPORT 3 SW, IL US","2019-08-28","76"
"USC00111577","CHICAGO MIDWAY AIRPORT 3 SW, IL US","2019-08-29","86"
"USC00111577","CHICAGO MIDWAY AIRPORT 3 SW, IL US","2019-08-30","74"
"USC00111577","CHICAGO MIDWAY AIRPORT 3 SW, IL US","2019-08-31","76"
"USC00111577","CHICAGO MIDWAY AIRPORT 3 SW, IL US","2019-09-01","73"
"USC00111577","CHICAGO MIDWAY AIRPORT 3 SW, IL US","2019-09-02","83"
"USC00111577","CHICAGO MIDWAY AIRPORT 3 SW, IL US","2019-09-03","81"
"USC00111577","CHICAGO MIDWAY AIRPORT 3 SW, IL US","2019-09-04","70"
"USC00111577","CHICAGO MIDWAY AIRPORT 3 SW, IL US","2019-09-05","70"
"USC00111577","CHICAGO MIDWAY AIRPORT 3 SW, IL US","2019-09-06","75"
"USC00111577","CHICAGO MIDWAY AIRPORT 3 SW, IL US","2019-09-07","79"
"USC00111577","CHICAGO MIDWAY AIRPORT 3 SW, IL US","2019-09-08","67"
"USC00111577","CHICAGO MIDWAY AIRPORT 3 SW, IL US","2019-09-09","78"
"USC00111577","CHICAGO MIDWAY AIRPORT 3 SW, IL US","2019-09-10","91"
"USC00111577","CHICAGO MIDWAY AIRPORT 3 SW, IL US","2019-09-11","91"
"USC00111577","CHICAGO MIDWAY AIRPORT 3 SW, IL US","2019-09-12","82"
"USC00111577","CHICAGO MIDWAY AIRPORT 3 SW, IL US","2019-09-13","79"
"USC00111577","CHICAGO MIDWAY AIRPORT 3 SW, IL US","2019-09-14","81"
"USC00111577","CHICAGO MIDWAY AIRPORT 3 SW, IL US","2019-09-15","78"
"USC00111577","CHICAGO MIDWAY AIRPORT 3 SW, IL US","2019-09-16","76"
"USC00111577","CHICAGO MIDWAY AIRPORT 3 SW, IL US","2019-09-17","79"
"USC00111577","CHICAGO MIDWAY AIRPORT 3 SW, IL US","2019-09-18","83"
"USC00111577","CHICAGO MIDWAY AIRPORT 3 SW, IL US","2019-09-19","85"
"USC00111577","CHICAGO MIDWAY AIRPORT 3 SW, IL US","2019-09-20","86"
"USC00111577","CHICAGO MIDWAY AIRPORT 3 SW, IL US","2019-09-21","81"
"USC00111577","CHICAGO MIDWAY AIRPORT 3 SW, IL US","2019-09-22","78"
"USC00111577","CHICAGO MIDWAY AIRPORT 3 SW, IL US","2019-09-23","75"
"USC00111577","CHICAGO MIDWAY AIRPORT 3 SW, IL US","2019-09-24","80"
"USC00111577","CHICAGO MIDWAY AIRPORT 3 SW, IL US","2019-09-25","80"
"USC00111577","CHICAGO MIDWAY AIRPORT 3 SW, IL US","2019-09-26","73"
"USC00111577","CHICAGO MIDWAY AIRPORT 3 SW, IL US","2019-09-27","71"
"USC00111577","CHICAGO MIDWAY AIRPORT 3 SW, IL US","2019-09-28","68"
"USC00111577","CHICAGO MIDWAY AIRPORT 3 SW, IL US","2019-09-29","69"
"USC00111577","CHICAGO MIDWAY AIRPORT 3 SW, IL US","2019-09-30","87"
"USC00111577","CHICAGO MIDWAY AIRPORT 3 SW, IL US","2019-10-01","88"
"USC00111577","CHICAGO MIDWAY AIRPORT 3 SW, IL US","2019-10-02","81"
"USC00111577","CHICAGO MIDWAY AIRPORT 3 SW, IL US","2019-10-03","70"
"USC00111577","CHICAGO MIDWAY AIRPORT 3 SW, IL US","2019-10-04","59"
"USC00111577","CHICAGO MIDWAY AIRPORT 3 SW, IL US","2019-10-05","65"
"USC00111577","CHICAGO MIDWAY AIRPORT 3 SW, IL US","2019-10-06","69"
"USC00111577","CHICAGO MIDWAY AIRPORT 3 SW, IL US","2019-10-07","71"
"USC00111577","CHICAGO MIDWAY AIRPORT 3 SW, IL US","2019-10-08","71"
"USC00111577","CHICAGO MIDWAY AIRPORT 3 SW, IL US","2019-10-09","72"
"USC00111577","CHICAGO MIDWAY AIRPORT 3 SW, IL US","2019-10-10","71"
"USC00111577","CHICAGO MIDWAY AIRPORT 3 SW, IL US","2019-10-11","68"
"USC00111577","CHICAGO MIDWAY AIRPORT 3 SW, IL US","2019-10-12","55"
"USC00111577","CHICAGO MIDWAY AIRPORT 3 SW, IL US","2019-10-13","56"
"USC00111577","CHICAGO MIDWAY AIRPORT 3 SW, IL US","2019-10-14","55"
"USC00111577","CHICAGO MIDWAY AIRPORT 3 SW, IL US","2019-10-15","66"
"USC00111577","CHICAGO MIDWAY AIRPORT 3 SW, IL US","2019-10-16","53"
"USC00111577","CHICAGO MIDWAY AIRPORT 3 SW, IL US","2019-10-17","56"
"USC00111577","CHICAGO MIDWAY AIRPORT 3 SW, IL US","2019-10-18","60"
"USC00111577","CHICAGO MIDWAY AIRPORT 3 SW, IL US","2019-10-19","70"
"USC00111577","CHICAGO MIDWAY AIRPORT 3 SW, IL US","2019-10-20","60"
"USC00111577","CHICAGO MIDWAY AIRPORT 3 SW, IL US","2019-10-21","68"
"USC00111577","CHICAGO MIDWAY AIRPORT 3 SW, IL US","2019-10-22","52"
"USC00111577","CHICAGO MIDWAY AIRPORT 3 SW, IL US","2019-10-23","60"
"USC00111577","CHICAGO MIDWAY AIRPORT 3 SW, IL US","2019-10-24","51"
"USC00111577","CHICAGO MIDWAY AIRPORT 3 SW, IL US","2019-10-25","50"
"USC00111577","CHICAGO MIDWAY AIRPORT 3 SW, IL US","2019-10-26","51"
"USC00111577","CHICAGO MIDWAY AIRPORT 3 SW, IL US","2019-10-27","59"
"USC00111577","CHICAGO MIDWAY AIRPORT 3 SW, IL US","2019-10-28","52"
"USC00111577","CHICAGO MIDWAY AIRPORT 3 SW, IL US","2019-10-29","48"
"USC00111577","CHICAGO MIDWAY AIRPORT 3 SW, IL US","2019-10-30","42"
"USC00111577","CHICAGO MIDWAY AIRPORT 3 SW, IL US","2019-10-31","38"
"USC00111577","CHICAGO MIDWAY AIRPORT 3 SW, IL US","2019-11-01","46"
"USC00111577","CHICAGO MIDWAY AIRPORT 3 SW, IL US","2019-11-02","45"
"USC00111577","CHICAGO MIDWAY AIRPORT 3 SW, IL US","2019-11-03","54"
"USC00111577","CHICAGO MIDWAY AIRPORT 3 SW, IL US","2019-11-04","54"
"USC00111577","CHICAGO MIDWAY AIRPORT 3 SW, IL US","2019-11-05","42"
"USC00111577","CHICAGO MIDWAY AIRPORT 3 SW, IL US","2019-11-06","58"
"USC00111577","CHICAGO MIDWAY AIRPORT 3 SW, IL US","2019-11-07","33"
"USC00111577","CHICAGO MIDWAY AIRPORT 3 SW, IL US","2019-11-08","33"
"USC00111577","CHICAGO MIDWAY AIRPORT 3 SW, IL US","2019-11-09","48"
"USC00111577","CHICAGO MIDWAY AIRPORT 3 SW, IL US","2019-11-10","44"
"USC00111577","CHICAGO MIDWAY AIRPORT 3 SW, IL US","2019-11-11","37"
"USC00111577","CHICAGO MIDWAY AIRPORT 3 SW, IL US","2019-11-12","19"
"USC00111577","CHICAGO MIDWAY AIRPORT 3 SW, IL US","2019-11-13","28"
"USC00111577","CHICAGO MIDWAY AIRPORT 3 SW, IL US","2019-11-14","33"
"USC00111577","CHICAGO MIDWAY AIRPORT 3 SW, IL US","2019-11-15","38"
"USC00111577","CHICAGO MIDWAY AIRPORT 3 SW, IL US","2019-11-16","42"
"USC00111577","CHICAGO MIDWAY AIRPORT 3 SW, IL US","2019-11-17","42"
"USC00111577","CHICAGO MIDWAY AIRPORT 3 SW, IL US","2019-11-18","42"
"USC00111577","CHICAGO MIDWAY AIRPORT 3 SW, IL US","2019-11-19","41"
"USC00111577","CHICAGO MIDWAY AIRPORT 3 SW, IL US","2019-11-20","49"
"USC00111577","CHICAGO MIDWAY AIRPORT 3 SW, IL US","2019-11-21","56"
"USC00111577","CHICAGO MIDWAY AIRPORT 3 SW, IL US","2019-11-22","40"
"USC00111577","CHICAGO MIDWAY AIRPORT 3 SW, IL US","2019-11-23","41"
"USC00111577","CHICAGO MIDWAY AIRPORT 3 SW, IL US","2019-11-24","50"
"USC00111577","CHICAGO MIDWAY AIRPORT 3 SW, IL US","2019-11-25","55"
"USC00111577","CHICAGO MIDWAY AIRPORT 3 SW, IL US","2019-11-26","54"
"USC00111577","CHICAGO MIDWAY AIRPORT 3 SW, IL US","2019-11-27","57"
"USC00111577","CHICAGO MIDWAY AIRPORT 3 SW, IL US","2019-11-28","39"
"USC00111577","CHICAGO MIDWAY AIRPORT 3 SW, IL US","2019-11-29","40"
"USC00111577","CHICAGO MIDWAY AIRPORT 3 SW, IL US","2019-11-30","41"
"USC00111577","CHICAGO MIDWAY AIRPORT 3 SW, IL US","2019-12-01","43"
"USC00111577","CHICAGO MIDWAY AIRPORT 3 SW, IL US","2019-12-02","38"
"USC00111577","CHICAGO MIDWAY AIRPORT 3 SW, IL US","2019-12-03","40"
"USC00111577","CHICAGO MIDWAY AIRPORT 3 SW, IL US","2019-12-04","44"
"USC00111577","CHICAGO MIDWAY AIRPORT 3 SW, IL US","2019-12-05","46"
"USC00111577","CHICAGO MIDWAY AIRPORT 3 SW, IL US","2019-12-06","43"
"USC00111577","CHICAGO MIDWAY AIRPORT 3 SW, IL US","2019-12-07","39"
"USC00111577","CHICAGO MIDWAY AIRPORT 3 SW, IL US","2019-12-08","48"
"USC00111577","CHICAGO MIDWAY AIRPORT 3 SW, IL US","2019-12-09","49"
"USC00111577","CHICAGO MIDWAY AIRPORT 3 SW, IL US","2019-12-10","25"
"USC00111577","CHICAGO MIDWAY AIRPORT 3 SW, IL US","2019-12-11","25"
"USC00111577","CHICAGO MIDWAY AIRPORT 3 SW, IL US","2019-12-12","46"
"USC00111577","CHICAGO MIDWAY AIRPORT 3 SW, IL US","2019-12-13","45"
"USC00111577","CHICAGO MIDWAY AIRPORT 3 SW, IL US","2019-12-14","36"
"USC00111577","CHICAGO MIDWAY AIRPORT 3 SW, IL US","2019-12-15","27"
"USC00111577","CHICAGO MIDWAY AIRPORT 3 SW, IL US","2019-12-16","31"
"USC00111577","CHICAGO MIDWAY AIRPORT 3 SW, IL US","2019-12-17","31"
"USC00111577","CHICAGO MIDWAY AIRPORT 3 SW, IL US","2019-12-18","29"
"USC00111577","CHICAGO MIDWAY AIRPORT 3 SW, IL US","2019-12-19","37"
"USC00111577","CHICAGO MIDWAY AIRPORT 3 SW, IL US","2019-12-20","41"
"USC00111577","CHICAGO MIDWAY AIRPORT 3 SW, IL US","2019-12-21","49"
"USC00111577","CHICAGO MIDWAY AIRPORT 3 SW, IL US","2019-12-22","53"
"USC00111577","CHICAGO MIDWAY AIRPORT 3 SW, IL US","2019-12-23","53"
"USC00111577","CHICAGO MIDWAY AIRPORT 3 SW, IL US","2019-12-24","55"
"USC00111577","CHICAGO MIDWAY AIRPORT 3 SW, IL US","2019-12-25","61"
"USC00111577","CHICAGO MIDWAY AIRPORT 3 SW, IL US","2019-12-26","62"
"USC00111577","CHICAGO MIDWAY AIRPORT 3 SW, IL US","2019-12-27","40"
"USC00111577","CHICAGO MIDWAY AIRPORT 3 SW, IL US","2019-12-28","51"
"USC00111577","CHICAGO MIDWAY AIRPORT 3 SW, IL US","2019-12-29","58"
"USC00111577","CHICAGO MIDWAY AIRPORT 3 SW, IL US","2019-12-30","48"
"USC00111577","CHICAGO MIDWAY AIRPORT 3 SW, IL US","2019-12-31","30"
